ny;734
po;670
nie;636
wy;606
wać;460
za;458
ka;378
ko;340
na;306
do;266
cja;228
wa;218
prze;196
ra;186
ta;176
ni;174
to;168
no;168
le;166
ro;166
ski;154
da;154
ma;148
pa;130
li;128
re;128
wo;124
sta;124
od;122
przy;116
ki;114
mo;114
te;110
wi;108
ca;104
czyć;104
ty;102
dzić;100
czy;96
pro;96
ga;92
nik;92
in;90
ry;86
la;84
wie;82
so;82
mi;82
sa;82
ba;80
dy;80
cho;80
dać;78
cze;76
roz;76
lo;76
bo;72
go;72
ło;70
tu;68
cy;66
kon;66
zy;64
ność;64
nia;64
nić;64
cie;62
pra;58
pod;58
sto;58
spo;58
ce;58
dzie;56
cić;54
ja;52
je;52
zo;52
stwo;52
że;50
mie;50
ku;50
ła;48
nąć;48
zna;46
de;46
żyć;46
ob;46
ły;44
by;44
ze;44
sko;44
wić;42
mu;42
tor;42
sty;42
gać;42
su;42
ży;40
pre;40
nek;38
bu;38
two;38
rze;38
sić;36
pie;36
pi;36
kać;36
tycz;36
pu;36
tek;36
co;34
bie;34
kie;34
rzyć;34
czać;34
przed;32
bez;32
sja;32
ści;32
wiać;32
me;32
dze;32
my;30
ska;30
du;30
mia;30
dzi;30
żo;30
tra;30
fi;30
ru;30
niać;30
we;28
ak;28
peł;28
wią;28
chać;28
stęp;28
zać;28
dzać;28
szy;26
gi;26
sza;26
ście;26
tać;26
gra;26
wia;26
rzy;26
stra;26
lić;26
daw;26
rać;26
bi;26
cyj;26
stać;24
dek;24
ment;24
ci;24
cha;24
cać;24
zwy;24
se;24
słu;24
nio;24
ne;24
szyć;24
sze;24
nic;22
sy;22
al;22
łać;22
mać;22
rek;22
wość;22
zu;22
ter;22
pić;22
cią;22
nać;22
cza;22
wiec;22
kry;22
ten;20
sie;20
spra;20
bić;20
ża;20
ar;20
sny;20
mię;20
dzia;20
praw;20
bli;20
ria;20
lu;20
au;20
Ma;20
kra;20
szcze;20
rzą;20
sław;20
gnąć;20
pla;20
ścić;20
szać;20
dzieć;18
nad;18
kład;18
wła;18
szko;18
for;18
miesz;18
tro;18
par;18
stu;18
brać;18
pew;18
gu;18
wód;18
ser;18
jo;18
star;18
kość;18
Ja;18
fa;18
men;18
stycz;18
lek;18
gicz;18
jed;16
rów;16
usta;16
trze;16
tem;16
gło;16
waż;16
jąć;16
zja;16
war;16
cen;16
kla;16
pła;16
naj;16
kar;16
rzu;16
gia;16
Ka;16
czo;16
tecz;16
raz;14
zło;14
trzy;14
sło;14
sek;14
moc;14
An;14
fe;14
or;14
trud;14
dob;14
cjal;14
sia;14
dys;14
dział;14
gro;14
ciw;14
są;14
koń;14
cu;14
gły;14
świa;14
nieść;14
ge;14
dat;14
zić;14
tel;14
snąć;14
pli;14
kom;14
dia;14
ją;14
mor;14
dow;14
tyw;14
się;12
być;12
den;12
wiek;12
śnie;12
stro;12
dro;12
rząd;12
sać;12
chód;12
mat;12
żać;12
pe;12
znać;12
zek;12
ren;12
zie;12
licz;12
ję;12
dar;12
ciel;12
obo;12
stę;12
łek;12
dzien;12
spraw;12
nicz;12
lar;12
pad;12
mal;12
Sta;12
rzać;12
lot;12
struk;12
an;12
jem;12
śred;12
zen;12
cię;12
czyn;12
łą;12
port;12
spa;12
per;12
mić;12
strze;12
mó;10
bar;10
pol;10
oso;10
kil;10
dru;10
oko;10
stan;10
lej;10
chy;10
dza;10
nu;10
wię;10
Po;10
si;10
dłu;10
świę;10
wró;10
twier;10
wal;10
spe;10
szu;10
grać;10
mar;10
opo;10
wod;10
lać;10
sku;10
łu;10
pół;10
sprze;10
ali;10
dło;10
stą;10
mniej;10
mość;10
sen;10
rzec;10
łącz;10
świad;10
wer;10
kre;10
tarz;10
cjo;10
riusz;10
dej;10
tech;10
kaz;10
ral;10
der;10
ran;10
rol;10
ho;10
ha;10
paść;10
uro;10
dziel;10
rza;10
fia;10
cep;10
try;10
rocz;10
wę;10
eks;10
rium;10
wieźć;10
kat;10
gór;10
czaj;10
god;10
dra;10
wicz;10
dwa;8
dzień;8
czas;8
miej;8
moż;8
bry;8
wiel;8
ster;8
rę;8
pań;8
zro;8
śli;8
dent;8
mło;8
niec;8
py;8
czę;8
cząć;8
uwa;8
róż;8
dzy;8
cow;8
pis;8
let;8
tal;8
metr;8
noc;8
okre;8
ślić;8
hi;8
glą;8
cia;8
skać;8
zwa;8
sły;8
wiedź;8
obec;8
wódz;8
wspól;8
czeń;8
row;8
wol;8
zwo;8
nan;8
piec;8
ina;8
rad;8
Ro;8
funk;8
gól;8
tyk;8
trak;8
rzeć;8
kan;8
współ;8
oce;8
oby;8
oka;8
dio;8
tych;8
pły;8
kal;8
jazd;8
chod;8
wsta;8
ad;8
ogól;8
ju;8
bra;8
kol;8
tar;8
ofi;8
słać;8
nal;8
kryć;8
rat;8
bot;8
rwać;8
kła;8
sła;8
wieść;8
ogra;8
miar;8
nin;8
bro;8
spek;8
ner;8
żą;8
fo;8
now;8
jąt;8
kro;8
sad;8
am;8
kow;8
pać;8
nał;8
leż;8
twa;8
pusz;8
tat;8
dziej;8
jać;8
nar;8
śle;8
uza;8
krot;8
psy;8
ata;8
opa;8
tow;8
Bo;8
chi;8
kształ;8
Ra;8
zdra;8
bel;8
ficz;8
ić;8
któ;6
mieć;6
rok;6
jak;6
tak;6
dla;6
pierw;6
sieć;6
sce;6
tam;6
dziec;6
dom;6
nien;6
cent;6
żeć;6
gram;6
gru;6
wnio;6
oj;6
zda;6
woj;6
zwią;6
śro;6
cel;6
łecz;6
dzię;6
spół;6
trwać;6
oczy;6
miast;6
szyb;6
blicz;6
kul;6
karz;6
miec;6
zdro;6
trzeć;6
mier;6
fić;6
kój;6
gó;6
stwier;6
fun;6
min;6
pięk;6
pień;6
dziew;6
czą;6
Je;6
bia;6
zem;6
dal;6
szczę;6
gle;6
tym;6
opi;6
chło;6
dość;6
sem;6
miot;6
rak;6
tłu;6
uka;6
sil;6
znacz;6
zno;6
wra;6
uczy;6
zdo;6
zwie;6
im;6
czer;6
bior;6
ele;6
zmie;6
uczest;6
duk;6
tet;6
zor;6
sień;6
pry;6
skład;6
wska;6
mnieć;6
kół;6
ope;6
kło;6
uko;6
Mi;6
0;6
Fran;6
uni;6
wszech;6
cząt;6
jen;6
han;6
głę;6
osią;6
oto;6
dli;6
usz;6
ocze;6
dak;6
trzyć;6
mek;6
wąt;6
mach;6
ude;6
wspo;6
nim;6
utrzy;6
zi;6
prak;6
pło;6
gląd;6
sarz;6
tąd;6
cał;6
zwać;6
ple;6
To;6
niecz;6
nor;6
cer;6
d;6
dium;6
mil;6
mień;6
księ;6
pił;6
eg;6
Mar;6
dem;6
Le;6
szek;6
przeć;6
ścią;6
piecz;6
mał;6
żeń;6
żar;6
twór;6
umie;6
oskar;6
man;6
byt;6
stwa;6
zde;6
cin;6
lik;6
Wa;6
wio;6
wyż;6
wiecz;6
cisk;6
chrze;6
bieg;6
żej;6
cier;6
nizm;6
elek;6
scho;6
ab;6
Za;6
strasz;6
Bia;6
eme;6
Wło;6
gno;6
obra;6
staw;6
wpły;6
niej;6
fak;6
gar;6
wą;6
jeż;6
dżać;6
Ju;6
Da;6
pia;6
świe;6
die;6
kró;6
mot;6
ziem;6
win;6
far;6
gry;6
plo;6
spon;6
klu;6
a;4
ale;4
móc;4
przez;4
pan;4
tyl;4
czło;4
chcieć;4
dzo;4
też;4
nak;4
wet;4
Pol;4
wszy;4
gdy;4
kto;4
wszyst;4
brze;4
siąc;4
świat;4
ostat;4
sób;4
głos;4
wczo;4
raj;4
śleć;4
rzecz;4
leźć;4
póź;4
cej;4
dług;4
choć;4
g;4
wcze;4
ist;4
nieć;4
chę;4
więk;4
szość;4
oba;4
zes;4
głów;4
lak;4
otrzy;4
tia;4
sys;4
służ;4
eu;4
pej;4
zły;4
ces;4
brak;4
tość;4
myśl;4
taj;4
sor;4
pięć;4
uzy;4
zyk;4
czej;4
szeć;4
trum;4
łość;4
szan;4
wstać;4
ste;4
ozna;4
ochro;4
zbyt;4
umo;4
pró;4
wpro;4
run;4
ścia;4
czuć;4
krót;4
ludz;4
mysł;4
tekst;4
kurs;4
źle;4
syj;4
wnętrz;4
bor;4
wied;4
gość;4
ciaż;4
szły;4
rzę;4
tło;4
dok;4
ród;4
kle;4
szłość;4
uży;4
nat;4
dzież;4
Pa;4
wierzch;4
trzeb;4
dnie;4
stia;4
dziw;4
gan;4
cięż;4
daż;4
raź;4
smo;4
ów;4
sier;4
ener;4
lec;4
spoj;4
No;4
res;4
wat;4
śnić;4
czu;4
pią;4
obro;4
urzą;4
kup;4
pot;4
woz;4
straż;4
opie;4
ślać;4
słoń;4
pier;4
udzie;4
cień;4
imie;4
rzut;4
zgło;4
stość;4
spor;4
dlo;4
ogło;4
dzial;4
obej;4
szkol;4
Ta;4
zbu;4
uchwa;4
tut;4
znań;4
siad;4
gniew;4
at;4
dukt;4
resz;4
chęt;4
kły;4
ciąg;4
istot;4
drew;4
brzeg;4
emo;4
opu;4
leć;4
czwar;4
mistrz;4
zba;4
giel;4
siąt;4
mierz;4
pię;4
skup;4
kret;4
eko;4
micz;4
Wiel;4
kiem;4
zycz;4
ode;4
del;4
test;4
sco;4
zbiór;4
usu;4
cą;4
zwol;4
koj;4
czeć;4
twić;4
dle;4
otwar;4
ujaw;4
osta;4
dejść;4
Ry;4
Mo;4
cław;4
lor;4
głość;4
zaj;4
san;4
Woj;4
zwięk;4
ciem;4
szczyt;4
ana;4
net;4
oświad;4
ubez;4
Ame;4
mór;4
speł;4
tyj;4
rą;4
pio;4
In;4
upraw;4
deks;4
docz;4
biać;4
trans;4
el;4
znisz;4
jęt;4
zgod;4
ryk;4
ćwi;4
groź;4
tał;4
darz;4
tre;4
biec;4
spę;4
czel;4
rzad;4
ucho;4
przej;4
bit;4
sna;4
pach;4
aka;4
zim;4
głu;4
lud;4
kwi;4
umoż;4
sej;4
dnio;4
sti;4
ład;4
cje;4
zdol;4
zmu;4
jań;4
aresz;4
teo;4
set;4
rial;4
twy;4
dbać;4
dyn;4
gim;4
len;4
wnątrz;4
strój;4
dzwo;4
Wi;4
wot;4
ksią;4
uzna;4
zmniej;4
buch;4
zła;4
świet;4
wóz;4
cieć;4
gad;4
czym;4
wło;4
lin;4
dą;4
denc;4
sun;4
gieł;4
sym;4
bio;4
faj;4
dwór;4
zien;4
zre;4
mę;4
kli;4
isko;4
upra;4
ban;4
śny;4
ciń;4
mą;4
skar;4
wen;4
pas;4
zmę;4
lon;4
pocz;4
tur;4
zór;4
udo;4
tej;4
strzec;4
mien;4
log;4
ago;4
pręd;4
hu;4
uwzględ;4
pen;4
obie;4
fla;4
ton;4
skrzy;4
świą;4
czość;4
orze;4
pil;4
krzyk;4
chęć;4
kun;4
fał;4
wza;4
uda;4
oświa;4
Lu;4
rucz;4
ewen;4
atrak;4
post;4
utra;4
żyw;4
ręcz;4
lam;4
krą;4
kwa;4
pacz;4
zgro;4
wstęp;4
bój;4
użyt;4
jaw;4
zer;4
gwa;4
Zo;4
życz;4
cio;4
tów;4
decz;4
biz;4
nes;4
wro;4
dum;4
ubra;4
lew;4
swo;4
gen;4
naw;4
be;4
krę;4
ret;4
wstrzy;4
wes;4
sięcz;4
uła;4
wem;4
Cze;4
dwój;4
ścio;4
chwy;4
zle;4
bek;4
śnia;4
zwal;4
gwał;4
wzbu;4
mów;4
kiet;4
związ;4
słup;4
miąt;4
ape;4
ide;4
spro;4
twiać;4
lą;4
fra;4
środ;4
oku;4
geo;4
dacz;4
plet;4
lut;4
Do;4
uzu;4
tle;4
lan;4
żur;4
wraż;4
życ;4
zny;4
pływ;4
upo;4
osa;4
tus;4
blo;4
Ko;4
pust;4
w;2
i;2
z;2
on;2
o;2
już;2
swój;2
jesz;2
oraz;2
sam;2
nasz;2
lub;2
mój;2
stek;2
1;2
2;2
więc;2
każ;2
coś;2
kiś;2
3;2
niż;2
aby;2
seł;2
nież;2
gdzie;2
uli;2
chwi;2
5;2
u;2
kraj;2
część;2
wte;2
fir;2
ktoś;2
kuł;2
wsze;2
4;2
sąd;2
acja;2
zmia;2
cież;2
dziś;2
nikt;2
iść;2
niądz;2
mer;2
blem;2
ściół;2
War;2
lion;2
punkt;2
ciec;2
udział;2
męż;2
ustęp;2
twój;2
jekt;2
wien;2
gmi;2
aż;2
tka;2
okres;2
6;2
lecz;2
wziąć;2
książ;2
urząd;2
śmierć;2
10;2
pójść;2
sejm;2
szpi;2
łal;2
ani;2
film;2
30;2
szef;2
wśród;2
cjant;2
drzwi;2
klub;2
ruch;2
przyjść;2
czte;2
wyjść;2
scy;2
wejść;2
twarz;2
drzej;2
8;2
7;2
iż;2
ksiądz;2
dojść;2
20;2
dę;2
wieś;2
wiem;2
15;2
nost;2
ile;2
bec;2
Bóg;2
kim;2
Eu;2
bank;2
ame;2
kań;2
dzic;2
otwo;2
obok;2
Jan;2
dyś;2
12;2
uznać;2
sztu;2
siaj;2
unia;2
dusz;2
wój;2
syn;2
wresz;2
okno;2
koszt;2
szaw;2
ośro;2
fakt;2
ogó;2
plan;2
dzaj;2
czar;2
zaś;2
uczeń;2
II;2
list;2
fon;2
żoł;2
nierz;2
takt;2
wów;2
przejść;2
brat;2
zresz;2
tą;2
9;2
typ;2
układ;2
wpływ;2
dżet;2
riał;2
izba;2
las;2
50;2
Niem;2
sklep;2
pies;2
Kra;2
ków;2
znak;2
wszel;2
mąż;2
biu;2
11;2
ziom;2
stół;2
ofia;2
los;2
mecz;2
zdję;2
Piotr;2
ubie;2
drze;2
szar;2
suk;2
wu;2
wcho;2
dłoń;2
Adam;2
zwłasz;2
A;2
zwi;2
łe;2
16;2
maj;2
USA;2
krew;2
wrzeć;2
Krzysz;2
tof;2
18;2
imię;2
SLD;2
gdzieś;2
wiat;2
znów;2
I;2
Nie;2
krok;2
wciąż;2
zgi;2
wca;2
25;2
bór;2
weł;2
ogrom;2
zgo;2
kres;2
zio;2
park;2
kwe;2
wzrost;2
hol;2
agen;2
sięć;2
umieć;2
opła;2
W;2
100;2
fran;2
spać;2
14;2
gdyż;2
broń;2
oglą;2
jeść;2
źró;2
tuł;2
atr;2
rał;2
ilość;2
wrze;2
mięć;2
sprzęt;2
K;2
klient;2
skąd;2
sens;2
17;2
włos;2
cór;2
uczu;2
Jó;2
zef;2
sio;2
mknąć;2
40;2
łóż;2
M;2
13;2
kwo;2
przyj;2
wiersz;2
zdą;2
usłu;2
utwo;2
skó;2
efekt;2
błąd;2
usły;2
wasz;2
S;2
22;2
koś;2
cjent;2
dół;2
wrót;2
skarb;2
ból;2
czór;2
chał;2
sę;2
kwie;2
niu;2
CKM;2
sześć;2
śnieg;2
AWS;2
oprócz;2
tral;2
odejść;2
nusz;2
obiekt;2
paź;2
dzier;2
P;2
skie;2
pak;2
Gdańsk;2
skła;2
cek;2
ogień;2
Żyd;2
liard;2
cóż;2
zeum;2
gwiaz;2
pież;2
J;2
cert;2
ców;2
Zbi;2
duch;2
dyt;2
mos;2
spy;2
flikt;2
stre;2
akt;2
kuch;2
wkrót;2
zwró;2
80;2
19;2
łacz;2
Łódź;2
XIX;2
siej;2
stąd;2
czyń;2
mur;2
wzgląd;2
200;2
blok;2
osiem;2
y;2
bur;2
kosz;2
wspa;2
wpaść;2
jon;2
tuż;2
ros;2
drob;2
PiS;2
tkać;2
frag;2
ofer;2
śniać;2
60;2
treść;2
urzęd;2
dzin;2
etap;2
otwie;2
mrzeć;2
użyć;2
rem;2
jeź;2
gion;2
wiatr;2
cmen;2
bert;2
ślad;2
bus;2
Lech;2
kam;2
ryś;2
dant;2
gij;2
gio;2
B;2
tryb;2
wschod;2
znik;2
spaść;2
chu;2
rycz;2
23;2
masz;2
ostry;2
styl;2
wnę;2
kształt;2
opra;2
Ewa;2
dróż;2
plac;2
usiąść;2
osie;2
aku;2
bóg;2
kwiat;2
wschód;2
uśmiech;2
lic;2
wręcz;2
szard;2
stor;2
skoń;2
skwa;2
blio;2
21;2
Wro;2
dycz;2
2000;2
okrę;2
lei;2
król;2
śpie;2
24;2
dach;2
wzrok;2
ryż;2
28;2
Grze;2
gorz;2
zbęd;2
ogród;2
Alek;2
wto;2
ciech;2
wiesz;2
wzór;2
zus;2
śno;2
wiad;2
zyj;2
Gó;2
obóz;2
Śląsk;2
kart;2
wta;2
zwrot;2
gaz;2
rzysz;2
rwa;2
Chry;2
stus;2
druk;2
deszcz;2
XVIII;2
żu;2
27;2
wprost;2
szka;2
Kwa;2
śniew;2
uczel;2
zji;2
apa;2
mont;2
łac;2
90;2
spró;2
spod;2
ini;2
strach;2
eki;2
dże;2
śledz;2
kot;2
hek;2
krzyż;2
jaz;2
uciec;2
Zie;2
mózg;2
idea;2
pierś;2
mnik;2
zon;2
sność;2
ukryć;2
tęż;2
ufa;2
żak;2
wróg;2
Izra;2
grunt;2
msza;2
wil;2
III;2
300;2
bab;2
edu;2
chleb;2
mnie;2
żer;2
utwór;2
lód;2
cet;2
Hen;2
ptak;2
zbie;2
Szcze;2
bok;2
eta;2
atak;2
tłum;2
wzro;2
rót;2
SA;2
strzeń;2
Ste;2
fan;2
rie;2
NA;2
TO;2
łę;2
stecz;2
proś;2
rób;2
szó;2
sport;2
Bar;2
zwra;2
wno;2
Kry;2
śmiech;2
strzo;2
Agniesz;2
70;2
ciecz;2
ślą;2
ślo;2
wej;2
ząb;2
1999;2
gnał;2
bied;2
G;2
dec;2
śród;2
Zyg;2
munt;2
bądź;2
wszę;2
uwie;2
krzy;2
Pan;2
PSL;2
wpraw;2
nę;2
gół;2
zjazd;2
strzał;2
oprzeć;2
Mil;2
ler;2
zysk;2
zbrod;2
jusz;2
dźwięk;2
26;2
rac;2
1997;2
upa;2
uru;2
zjeść;2
1998;2
wtó;2
tan;2
most;2
wyj;2
nos;2
słyn;2
wspie;2
isto;2
zwło;2
jestr;2
kwen;2
Kiel;2
sort;2
rian;2
łza;2
brzmieć;2
grób;2
graf;2
ugru;2
szlak;2
śmieć;2
pieśń;2
pal;2
strajk;2
usi;2
trycz;2
Rzecz;2
chro;2
RP;2
sol;2
went;2
spór;2
but;2
zmar;2
okla;2
mle;2
oma;2
obiad;2
29;2
dor;2
ule;2
nadać;2
znaj;2
Lon;2
fil;2
krze;2
zjum;2
ulga;2
gdań;2
owoc;2
puł;2
500;2
Bu;2
che;2
stau;2
tknąć;2
żę;2
ekran;2
35;2
ukoń;2
syć;2
ura;2
chłop;2
tył;2
lęk;2
2001;2
szeń;2
nóż;2
wójt;2
31;2
róg;2
ZSRR;2
upływ;2
rzeź;2
łódz;2
umrzeć;2
Ber;2
trakt;2
biur;2
zdjąć;2
R;2
zyn;2
opis;2
ofe;2
ulec;2
gest;2
urlop;2
gmach;2
ować;2
wiej;2
nisz;2
krąg;2
unik;2
żan;2
seks;2
aha;2
bol;2
ciej;2
her;2
pieć;2
ulu;2
larz;2
part;2
pert;2
D;2
zul;2
Zjed;2
skom;2
klat;2
klucz;2
IV;2
Edward;2
stok;2
ręb;2
C;2
Rzym;2
wzię;2
ślub;2
sprzy;2
uczyć;2
XVII;2
150;2
UE;2
nier;2
próg;2
fiać;2
ol;2
brzy;2
chmu;2
obroń;2
ukry;2
reg;2
V;2
oł;2
Wła;2
epo;2
rzyść;2
wart;2
sprzed;2
dry;2
UW;2
dwo;2
zys;2
Lep;2
wzy;2
Ukra;2
dnik;2
lę;2
gniar;2
piw;2
ogół;2
włą;2
obiet;2
ogni;2
czek;2
raż;2
targ;2
dno;2
słusz;2
ceum;2
boszcz;2
XVI;2
dion;2
gmin;2
lent;2
kur;2
ocho;2
PRL;2
ucie;2
zbio;2
gres;2
1996;2
cud;2
względ;2
dziu;2
plus;2
opusz;2
por;2
tret;2
prąd;2
wbrew;2
nięż;2
ruś;2
ezja;2
75;2
2002;2
Wik;2
obraź;2
Mał;2
wak;2
przód;2
front;2
widz;2
dard;2
pl;2
kąt;2
areszt;2
śmier;2
ruń;2
wó;2
czyjś;2
king;2
żal;2
uczo;2
mgła;2
zdać;2
bom;2
umysł;2
olej;2
he;2
śled;2
PZPR;2
1994;2
tkwić;2
wier;2
blin;2
takl;2
1995;2
T;2
chaw;2
wnieść;2
eli;2
gnię;2
glik;2
Wo;2
45;2
smut;2
otóż;2
zent;2
Bry;2
lans;2
słan;2
agent;2
brzuch;2
zza;2
schro;2
rosz;2
smak;2
sfe;2
bic;2
więć;2
gnie;2
H;2
Wie;2
TVP;2
ująć;2
spodnie;2
wsz;2
wpis;2
uciecz;2
cześć;2
1939;2
żół;2
char;2
łąź;2
Ania;2
mknię;2
uświa;2
Jork;2
chicz;2
mym;2
ściel;2
bram;2
Olsz;2
tyn;2
znieść;2
móg;2
tań;2
jaźń;2
siód;2
Sła;2
mir;2
1993;2
plarz;2
Jo;2
drżeć;2
Mie;2
pasz;2
uwol;2
E;2
plat;2
dwu;2
fać;2
lum;2
ZUS;2
Łu;2
kasz;2
gal;2
twar;2
42;2
wpi;2
pięt;2
zli;2
wrę;2
ukraść;2
klę;2
2004;2
Z;2
sięg;2
opad;2
Irak;2
skok;2
ką;2
piel;2
zejść;2
Hi;2
tler;2
cięt;2
liść;2
wzdłuż;2
wum;2
bocz;2
ósmy;2
cuz;2
36;2
pój;2
sztab;2
szkło;2
czyż;2
poń;2
łem;2
ity;2
Słoń;2
1990;2
toż;2
ach;2
atral;2
past;2
cern;2
grzech;2
zgła;2
sub;2
zbo;2
Ali;2
płeć;2
oszczęd;2
aspekt;2
dym;2
lizm;2
cykl;2
obron;2
1991;2
opór;2
lau;2
łaj;2
złość;2
Elż;2
gryw;2
uszko;2
uzgod;2
stocz;2
wiar;2
wpa;2
lerz;2
chow;2
cyt;2
beł;2
Tczew;2
VAT;2
wskaź;2
e;2
reszt;2
bunt;2
ow;2
szem;2
ciół;2
zni;2
łeb;2
rzyst;2
osob;2
week;2
end;2
pó;2
dech;2
told;2
zień;2
gium;2
scrip;2
tum;2
stru;2
ota;2
Hisz;2
płat;2
czap;2
wstyd;2
tom;2
Byd;2
goszcz;2
zdzi;2
srebr;2
szer;2
szok;2
kąd;2
szklan;2
ory;2
jezd;2
sycz;2
ostroż;2
Te;2
cien;2
ap;2
1945;2
mic;2
sztucz;2
Ha;2
upał;2
tchnąć;2
anioł;2
płaszcz;2
ostrze;2
Afry;2
szla;2
chet;2
złu;2
ukra;2
iń;2
kurt;2
apel;2
glia;2
smu;2
Zwią;2
śnik;2
syw;2
tram;2
waj;2
Bog;2
dan;2
łódź;2
bum;2
rus;2
Gdań;2
gę;2
klasz;2
32;2
L;2
odro;2
płan;2
trwa;2
kier;2
zbior;2
Afga;2
gac;2
1992;2
olim;2
pij;2
ogar;2
kłam;2
emi;2
rytm;2
mnó;2
Bal;2
sied;2
agre;2
riant;2
chór;2
grzeb;2
chiń;2
400;2
brzmie;2
okręg;2
śmi;2
waw;2
Kwi;2
dzyn;2
Jel;2
cyn;2
trój;2
XX;2
mak;2
gie;2
dró;2
wspar;2
Ire;2
szo;2
afe;2
strzy;2
baw;2
umyć;2
ryt;2
Szwe;2
wdo;2
plot;2
2006;2
omó;2
Ar;2
dwi;2
ubo;2
trow;2
mun;2
dur;2
plom;2
niow;2
okręt;2
uczci;2
yhm;2
Chi;2
1989;2
ścież;2
kwar;2
gard;2
sow;2
pió;2
wznieść;2
wzgó;2
Mic;2
Ryb;2
krem;2
ciot;2
ścig;2
ależ;2
krzyw;2
ato;2
wódź;2
grzyb;2
uważ;2
jest;2
gdyś;2
skłon;2
sów;2
UOP;2
sól;2
litr;2
48;2
nurt;2
rzym;2
Świat;2
800;2
grosz;2
of;2
Go;2
niów;2
łań;2
cuch;2
Eli;2
beth;2
chacz;2
odło;2
Be;2
wnuk;2
PZU;2
Mal;2
bork;2
bal;2
pleks;2
zbroj;2
1000;2
czynsz;2
O;2
Pra;2
wkro;2
Lwów;2
wzglę;2
arab;2
Kacz;2
stam;2
46;2
tys;2
uj;2
biał;2
cios;2
olo;2
oznaj;2
ubrać;2
brud;2
nią;2
MSZ;2
39;2
izra;2
tru;2
34;2
utrud;2
flek;2
Gdy;2
miecz;2
ryn;2
skraść;2
gna;2
słow;2
cięz;2
czołg;2
baj;2
głąb;2
von;2
XV;2
tekt;2
necz;2
awans;2
wdzię;2
rum;2
śmiesz;2
N;2
grec;2
biór;2
słod;2
mięk;2
śla;2
F;2
gol;2
wsiąść;2
jabł;2
niak;2
myć;2
stron;2
wiść;2
dzian;2
ustrój;2
zum;2
Rze;2
szów;2
noż;2
orzec;2
ONZ;2
trol;2
wis;2
ciek;2
gus;2
bacz;2
bórz;2
tyc;2
1980;2
He;2
staż;2
czter;2
wzru;2
mróz;2
nada;2
PO;2
start;2
sel;2
unij;2
kord;2
33;2
l;2
wkład;2
trzeź;2
mruk;2
ras;2
sią;2
strzen;2
echo;2
gang;2
en;2
zjazm;2
otwór;2
rent;2
XIV;2
śre;2
Au;2
stria;2
siedz;2
1975;2
gier;2
ukła;2
dol;2
ogró;2
mon;2
wstą;2
kub;2
zajść;2
śpiech;2
Gra;2
sien;2
ostro;2
hisz;2
nas;2
łyż;2
PAP;2
Pu;2
tin;2
wid;2
płacz;2
dwik;2
2005;2
zdu;2
rurg;2
byw;2
bla;2
kcja;2
drów;2
oro;2
ot;2
Na;2
ryw;2
łuk;2
śma;2
Wę;2
uzbro;2
kwas;2
Paw;2
Mock;2
bre;2
bran;2
uchy;2
55;2
krzew;2
wzmoc;2
plik;2
ustę;2
2003;2
uchodź;2
uło;2
świec;2
chłod;2
PKP;2
szyt;2
krwa;2
stal;2
okrzyk;2
skrzyn;2
jaj;2
Ho;2
nent;2
NBP;2
ław;2
65;2
lisz;2
Li;2
umiar;2
okrą;2
bysz;2
zgu;2
ustą;2
cip;2
NIK;2
zwłocz;2
pial;2
krzak;2
kost;2
kaw;2
człon;2
wpu;2
Wan;2
głód;2
szwedz;2
wdzięcz;2
sche;2
ogrze;2
kłaść;2
opiecz;2
600;2
Ol;2
John;2
łom;2
fial;2
tant;2
cerz;2
Kon;2
Bro;2
siat;2
skrom;2
mył;2
gła;2
braz;2
mrok;2
skre;2
kieć;2
tran;2
zyt;2
ał;2
mans;2
isty;2
urzę;2
Księ;2
pseu;2
2007;2
zjed;2
lka;2
son;2
upro;2
spie;2
lat;2
Wal;2
upaść;2
1981;2
La;2
kel;2
wał;2
sul;2
ogła;2
kult;2
Od;2
il;2
jek;2
wszak;2
trzań;2
The;2
Bel;2
blask;2
iden;2
Zdzi;2
Wschód;2
sprzą;2
ufać;2
piań;2
mas;2
narz;2
49;2
56;2
stop;2
1983;2
wic;2
X;2
lny;2
gent;2
wisz;2
edy;2
skiew;2
stryj;2
drut;2
płu;2
zrzu;2
doj;2
wpła;2
opóź;2
tę;2
Cel;2
sju;2
żart;2
wład;2
szep;2
uraz;2
gracz;2
ró;2
wzno;2
gat;2
pę;2
żecz;2
KC;2
skan;2
Pił;2
sud;2
odzież;2
niarz;2
płót;2
owski;2
So;2
Adaś;2
Kloss;2
kręt;2
obu;2
grzyw;2
wje;2
1500;2
siąść;2
gni;2
oszu;2
cno;2
wiąz;2
riat;2
Ró;2
stój;2
opol;2
ślin;2
52;2
tusz;2
Mag;2
jow;2
x;2
zbli;2
smicz;2
chwa;2
sfor;2
pięść;2
ziar;2
zów;2
szyng;2
ano;2
zbieg;2
chen;2
OSP;2
nadaw;2
nel;2
styń;2
niel;2
Włoch;2
glo;2
uwiel;2
bru;2
opcja;2
marsz;2
stoc;2
fiat;2
Tar;2
dzyk;2
znaw;2
bły;2
ogon;2
Opo;2
syl;2
okład;2
fro;2
pów;2
amu;2
Słupsk;2
bło;2
opaść;2
wcią;2
zew;2
żant;2
wzra;2
lia;2
nus;2
stans;2
zoo;2
epi;2
pat;2
etat;2
express;2
ganc;2
1984;2
gon;2
ściek;2
44;2
ciar;2
1919;2
sal;2
bin;2
kurz;2
SP;2
nerw;2
spła;2
Gie;2
drość;2
fit;2
szkla;2
błęd;2
zbiec;2
unieść;2
żek;2
stynkt;2
Ir;2
ror;2
wędź;2
sno;2
asy;2
stent;2
mum;2
rup;2
skraj;2
dżer;2
IPN;2
Targ;2
is;2
Czech;2
Ze;2
non;2
liz;2
Krza;2
klew;2
styn;2
dwó;2
ochron;2
51;2
awan;2
orzeł;2
opel;2
37;2
dźwi;2
zaż;2
dyj;2
skór;2
SB;2
Agnus;2
Tu;2
Ku;2
68;2
noć;2
ulicz;2
Gór;2
ning;2
ety;2
wci;2
dwie;2
lusz;2
mik;2
Egipt;2
ure;2
cof;2
tun;2
cząst;2
czyt;2
stres;2
mit;2
awa;2
zgon;2
sos;2
fel;2
karm;2
ulot;2
wstrzą;2
wrzu;2
Gi;2
low;2
Bruk;2
Han;2
skró;2
piąt;2
wsia;2
zel;2
38;2
ceu;2
MSWiA;2
ciak;2
pułk;2
etycz;2
Prze;2
Tusk;2
Re;2
San;2
wstrząs;2
s;2
pau;2
zont;2
trup;2
1982;2
aler;2
jor;2
kien;2
tuch;2
prócz;2
kij;2
Olek;2
wietrz;2
Ci;2
kraść;2
mięt;2
rod;2
śmie;2
64;2
deł;2
700;2
SdRP;2
Serb;2
tkan;2
USD;2
iw;2
Sasz;2
wkła;2
Gre;2
niedź;2
Dol;2
mod;2
stud;2
reb;2
spi;2
uspo;2
ustan;2
